asn,month
1273,2026-03
1756,2026-03
3263,2026-03
3320,2026-03
3491,2026-03
4637,2026-03
5484,2026-03
5511,2026-03
5542,2026-03
5618,2026-03
5627,2026-03
6736,2026-03
8604,2026-03
8868,2026-03
9147,2026-03
12660,2026-03
12697,2026-03
12880,2026-03
13231,2026-03
13235,2026-03
15402,2026-03
15611,2026-03
15907,2026-03
16018,2026-03
16235,2026-03
16286,2026-03
16292,2026-03
16320,2026-03
16322,2026-03
20744,2026-03
20749,2026-03
20801,2026-03
21005,2026-03
21071,2026-03
21112,2026-03
21121,2026-03
21170,2026-03
21341,2026-03
21410,2026-03
21419,2026-03
24631,2026-03
24707,2026-03
24737,2026-03
24741,2026-03
24779,2026-03
24988,2026-03
25124,2026-03
25184,2026-03
25202,2026-03
25207,2026-03
25239,2026-03
25243,2026-03
25264,2026-03
25306,2026-03
29068,2026-03
29077,2026-03
29079,2026-03
29350,2026-03
29577,2026-03
30902,2026-03
31175,2026-03
31182,2026-03
31303,2026-03
31476,2026-03
31549,2026-03
34078,2026-03
34369,2026-03
34412,2026-03
34513,2026-03
34592,2026-03
34636,2026-03
34837,2026-03
34871,2026-03
34918,2026-03
34947,2026-03
35043,2026-03
35088,2026-03
35285,2026-03
35570,2026-03
35615,2026-03
35690,2026-03
35766,2026-03
39074,2026-03
39164,2026-03
39200,2026-03
39308,2026-03
39364,2026-03
39454,2026-03
39466,2026-03
39501,2026-03
39571,2026-03
39650,2026-03
41061,2026-03
41152,2026-03
41620,2026-03
41689,2026-03
41797,2026-03
41856,2026-03
41881,2026-03
41900,2026-03
42019,2026-03
42043,2026-03
42143,2026-03
42170,2026-03
42288,2026-03
42337,2026-03
42440,2026-03
42468,2026-03
42586,2026-03
42750,2026-03
42867,2026-03
42907,2026-03
42915,2026-03
42990,2026-03
43005,2026-03
43135,2026-03
43211,2026-03
43212,2026-03
43233,2026-03
43245,2026-03
43343,2026-03
43358,2026-03
43395,2026-03
43415,2026-03
43487,2026-03
43510,2026-03
43528,2026-03
43546,2026-03
43657,2026-03
43689,2026-03
43754,2026-03
43955,2026-03
43965,2026-03
44045,2026-03
44090,2026-03
44208,2026-03
44243,2026-03
44244,2026-03
44285,2026-03
44375,2026-03
44400,2026-03
44410,2026-03
44436,2026-03
44498,2026-03
44531,2026-03
44543,2026-03
44607,2026-03
44609,2026-03
44650,2026-03
44685,2026-03
44889,2026-03
44932,2026-03
44966,2026-03
44983,2026-03
47162,2026-03
47188,2026-03
47216,2026-03
47262,2026-03
47285,2026-03
47308,2026-03
47330,2026-03
47376,2026-03
47430,2026-03
47539,2026-03
47554,2026-03
47558,2026-03
47603,2026-03
47643,2026-03
47796,2026-03
47817,2026-03
47843,2026-03
47981,2026-03
47990,2026-03
48029,2026-03
48121,2026-03
48147,2026-03
48159,2026-03
48203,2026-03
48214,2026-03
48281,2026-03
48289,2026-03
48309,2026-03
48356,2026-03
48359,2026-03
48391,2026-03
48410,2026-03
48431,2026-03
48434,2026-03
48551,2026-03
48555,2026-03
48597,2026-03
48601,2026-03
48608,2026-03
48677,2026-03
48715,2026-03
48762,2026-03
48773,2026-03
48820,2026-03
48838,2026-03
48898,2026-03
48903,2026-03
48944,2026-03
49022,2026-03
49099,2026-03
49100,2026-03
49103,2026-03
49148,2026-03
49207,2026-03
49228,2026-03
49382,2026-03
49433,2026-03
49517,2026-03
49556,2026-03
49596,2026-03
49613,2026-03
49666,2026-03
49676,2026-03
49680,2026-03
49792,2026-03
49796,2026-03
49801,2026-03
49847,2026-03
49872,2026-03
49906,2026-03
49936,2026-03
49972,2026-03
50000,2026-03
50041,2026-03
50057,2026-03
50114,2026-03
50160,2026-03
50177,2026-03
50259,2026-03
50269,2026-03
50460,2026-03
50548,2026-03
50558,2026-03
50591,2026-03
50692,2026-03
50722,2026-03
50733,2026-03
50749,2026-03
50795,2026-03
50810,2026-03
50855,2026-03
50992,2026-03
51026,2026-03
51074,2026-03
51119,2026-03
51130,2026-03
51168,2026-03
51235,2026-03
51241,2026-03
51274,2026-03
51280,2026-03
51355,2026-03
51411,2026-03
51431,2026-03
51433,2026-03
51460,2026-03
51469,2026-03
51542,2026-03
51554,2026-03
51618,2026-03
51732,2026-03
51759,2026-03
51777,2026-03
51785,2026-03
51788,2026-03
51828,2026-03
51889,2026-03
51897,2026-03
52049,2026-03
52070,2026-03
52133,2026-03
52134,2026-03
52135,2026-03
52136,2026-03
52137,2026-03
52140,2026-03
52155,2026-03
52196,2026-03
52209,2026-03
56375,2026-03
56402,2026-03
56461,2026-03
56466,2026-03
56486,2026-03
56495,2026-03
56503,2026-03
56547,2026-03
56548,2026-03
56616,2026-03
56632,2026-03
56660,2026-03
56703,2026-03
56749,2026-03
56765,2026-03
56815,2026-03
56861,2026-03
57027,2026-03
57067,2026-03
57218,2026-03
57230,2026-03
57235,2026-03
57240,2026-03
57241,2026-03
57292,2026-03
57298,2026-03
57357,2026-03
57366,2026-03
57385,2026-03
57386,2026-03
57387,2026-03
57391,2026-03
57405,2026-03
57413,2026-03
57457,2026-03
57461,2026-03
57474,2026-03
57497,2026-03
57543,2026-03
57563,2026-03
57574,2026-03
57577,2026-03
57625,2026-03
57687,2026-03
57745,2026-03
57755,2026-03
57816,2026-03
57831,2026-03
57880,2026-03
57986,2026-03
58030,2026-03
58053,2026-03
58080,2026-03
58081,2026-03
58085,2026-03
58104,2026-03
58121,2026-03
58125,2026-03
58142,2026-03
58152,2026-03
58161,2026-03
58167,2026-03
58168,2026-03
58169,2026-03
58192,2026-03
58200,2026-03
58201,2026-03
58205,2026-03
58216,2026-03
58224,2026-03
58248,2026-03
58249,2026-03
58256,2026-03
58262,2026-03
58263,2026-03
58303,2026-03
58331,2026-03
58333,2026-03
59431,2026-03
59441,2026-03
59442,2026-03
59481,2026-03
59501,2026-03
59506,2026-03
59553,2026-03
59573,2026-03
59587,2026-03
59623,2026-03
59628,2026-03
59635,2026-03
59643,2026-03
59654,2026-03
59691,2026-03
59703,2026-03
59708,2026-03
59754,2026-03
59757,2026-03
59794,2026-03
59797,2026-03
59838,2026-03
59882,2026-03
59884,2026-03
59912,2026-03
59914,2026-03
59961,2026-03
59962,2026-03
59968,2026-03
60014,2026-03
60077,2026-03
60138,2026-03
60148,2026-03
60178,2026-03
60248,2026-03
60249,2026-03
60256,2026-03
60315,2026-03
60340,2026-03
60374,2026-03
60394,2026-03
60407,2026-03
60423,2026-03
60495,2026-03
60512,2026-03
60516,2026-03
60562,2026-03
60577,2026-03
60605,2026-03
60627,2026-03
60631,2026-03
60637,2026-03
60638,2026-03
60778,2026-03
60786,2026-03
60811,2026-03
60887,2026-03
60932,2026-03
60976,2026-03
61008,2026-03
61036,2026-03
61055,2026-03
61061,2026-03
61129,2026-03
61173,2026-03
61176,2026-03
61209,2026-03
61239,2026-03
61246,2026-03
61248,2026-03
61250,2026-03
61362,2026-03
61386,2026-03
61391,2026-03
61962,2026-03
61974,2026-03
62039,2026-03
62048,2026-03
62132,2026-03
62137,2026-03
62140,2026-03
62157,2026-03
62173,2026-03
62191,2026-03
62196,2026-03
62198,2026-03
62229,2026-03
62238,2026-03
62250,2026-03
62263,2026-03
62265,2026-03
62284,2026-03
62318,2026-03
62334,2026-03
62367,2026-03
62375,2026-03
62401,2026-03
62442,2026-03
64399,2026-03
64413,2026-03
64414,2026-03
64422,2026-03
64428,2026-03
64434,2026-03
64436,2026-03
64458,2026-03
64460,2026-03
64489,2026-03
197207,2026-03
197343,2026-03
197787,2026-03
197937,2026-03
197946,2026-03
198154,2026-03
198341,2026-03
198357,2026-03
198569,2026-03
198926,2026-03
199082,2026-03
199137,2026-03
199495,2026-03
199633,2026-03
199690,2026-03
199849,2026-03
199983,2026-03
200252,2026-03
200296,2026-03
200312,2026-03
200324,2026-03
200370,2026-03
200376,2026-03
200406,2026-03
200436,2026-03
200530,2026-03
200554,2026-03
200645,2026-03
200796,2026-03
200816,2026-03
201015,2026-03
201150,2026-03
201161,2026-03
201176,2026-03
201194,2026-03
201227,2026-03
201259,2026-03
201295,2026-03
201350,2026-03
201442,2026-03
201452,2026-03
201540,2026-03
201634,2026-03
201689,2026-03
201691,2026-03
201703,2026-03
201871,2026-03
201999,2026-03
202029,2026-03
202251,2026-03
202319,2026-03
202368,2026-03
202391,2026-03
202468,2026-03
202571,2026-03
202601,2026-03
202697,2026-03
202735,2026-03
202788,2026-03
202798,2026-03
203000,2026-03
203026,2026-03
203100,2026-03
203102,2026-03
203162,2026-03
203229,2026-03
203247,2026-03
203392,2026-03
203558,2026-03
203616,2026-03
203684,2026-03
203694,2026-03
203798,2026-03
203895,2026-03
203900,2026-03
203916,2026-03
203951,2026-03
204001,2026-03
204079,2026-03
204104,2026-03
204105,2026-03
204203,2026-03
204213,2026-03
204377,2026-03
204393,2026-03
204499,2026-03
204533,2026-03
204544,2026-03
204650,2026-03
204686,2026-03
204781,2026-03
204787,2026-03
204812,2026-03
204813,2026-03
204834,2026-03
204865,2026-03
204904,2026-03
204955,2026-03
205061,2026-03
205118,2026-03
205134,2026-03
205176,2026-03
205207,2026-03
205217,2026-03
205229,2026-03
205415,2026-03
205490,2026-03
205521,2026-03
205550,2026-03
205585,2026-03
205588,2026-03
205622,2026-03
205643,2026-03
205647,2026-03
205833,2026-03
205837,2026-03
205857,2026-03
205883,2026-03
205894,2026-03
205997,2026-03
206065,2026-03
206217,2026-03
206325,2026-03
206367,2026-03
206388,2026-03
206495,2026-03
206596,2026-03
206635,2026-03
206692,2026-03
206840,2026-03
206854,2026-03
206862,2026-03
207057,2026-03
207125,2026-03
207141,2026-03
207381,2026-03
207409,2026-03
207417,2026-03
207477,2026-03
207655,2026-03
207680,2026-03
207724,2026-03
207796,2026-03
207897,2026-03
207920,2026-03
208005,2026-03
208048,2026-03
208072,2026-03
208124,2026-03
208161,2026-03
208246,2026-03
208264,2026-03
208268,2026-03
208412,2026-03
208493,2026-03
208519,2026-03
208555,2026-03
208560,2026-03
208593,2026-03
208651,2026-03
208675,2026-03
208703,2026-03
208742,2026-03
208828,2026-03
208896,2026-03
209079,2026-03
209227,2026-03
209279,2026-03
209459,2026-03
209462,2026-03
209534,2026-03
209544,2026-03
209596,2026-03
209638,2026-03
209741,2026-03
209782,2026-03
209783,2026-03
209814,2026-03
209836,2026-03
209849,2026-03
209941,2026-03
210064,2026-03
210288,2026-03
210392,2026-03
210405,2026-03
210427,2026-03
210460,2026-03
210470,2026-03
210474,2026-03
210487,2026-03
210503,2026-03
210547,2026-03
210548,2026-03
210571,2026-03
210575,2026-03
210583,2026-03
210603,2026-03
210609,2026-03
210621,2026-03
210642,2026-03
210650,2026-03
210695,2026-03
210705,2026-03
210818,2026-03
210820,2026-03
210867,2026-03
210877,2026-03
210999,2026-03
211021,2026-03
211056,2026-03
211081,2026-03
211228,2026-03
211325,2026-03
211408,2026-03
211419,2026-03
211421,2026-03
211491,2026-03
211505,2026-03
211583,2026-03
211592,2026-03
211627,2026-03
211670,2026-03
211703,2026-03
211705,2026-03
211828,2026-03
211881,2026-03
211903,2026-03
211904,2026-03
211990,2026-03
212004,2026-03
212036,2026-03
212040,2026-03
212063,2026-03
212067,2026-03
212076,2026-03
212077,2026-03
212080,2026-03
212161,2026-03
212216,2026-03
212248,2026-03
212296,2026-03
212328,2026-03
212355,2026-03
212476,2026-03
212544,2026-03
212554,2026-03
212607,2026-03
212615,2026-03
212631,2026-03
212679,2026-03
212697,2026-03
212847,2026-03
212907,2026-03
212939,2026-03
212978,2026-03
213017,2026-03
213222,2026-03
213406,2026-03
213470,2026-03
213486,2026-03
213531,2026-03
213551,2026-03
213575,2026-03
213644,2026-03
213645,2026-03
213665,2026-03
213682,2026-03
213727,2026-03
213732,2026-03
213745,2026-03
213759,2026-03
213775,2026-03
213807,2026-03
213852,2026-03
213872,2026-03
213895,2026-03
213916,2026-03
213944,2026-03
213953,2026-03
213960,2026-03
213969,2026-03
214003,2026-03
214039,2026-03
214042,2026-03
214078,2026-03
214088,2026-03
214090,2026-03
214105,2026-03
214142,2026-03
214145,2026-03
214151,2026-03
214171,2026-03
214184,2026-03
214192,2026-03
214225,2026-03
214263,2026-03
214270,2026-03
214276,2026-03
214277,2026-03
214357,2026-03
214361,2026-03
214384,2026-03
214399,2026-03
214419,2026-03
214431,2026-03
214515,2026-03
214526,2026-03
214567,2026-03
214570,2026-03
214586,2026-03
214680,2026-03
214735,2026-03
214737,2026-03
214805,2026-03
214824,2026-03
214857,2026-03
214858,2026-03
214922,2026-03
214923,2026-03
214949,2026-03
214957,2026-03
214993,2026-03
215154,2026-03
215193,2026-03
215271,2026-03
215350,2026-03
215351,2026-03
215480,2026-03
215515,2026-03
215535,2026-03
215593,2026-03
215610,2026-03
215633,2026-03
215655,2026-03
215671,2026-03
215679,2026-03
215700,2026-03
215708,2026-03
215746,2026-03
215779,2026-03
215850,2026-03
215892,2026-03
215938,2026-03
215962,2026-03
215974,2026-03
216008,2026-03
216054,2026-03
216074,2026-03
216110,2026-03
216125,2026-03
216131,2026-03
216169,2026-03
216205,2026-03
216238,2026-03
216289,2026-03
216344,2026-03
216380,2026-03
216417,2026-03
